Time [MM:SS];Image file path;T1;T2;T3;T4;T5;T6;T7;T8;V1;V2;V3;V4;V5;V6;V7;V8
11:01:15,139;C:\Users\au540322\Documents\Projects\Ice-Nucleation\src\LabVIEW\Data\Sensor1Calibration_1/Images/11:01:15,139.PNG;-6,406681;30,578114;29,606746;30,066845;NaN;NaN;NaN;NaN;8,089239;4,666568;4,757463;4,714313;12,094140;12,095553;12,095889;12,097784
11:01:15,640;C:\Users\au540322\Documents\Projects\Ice-Nucleation\src\LabVIEW\Data\Sensor1Calibration_1/Images/11:01:15,640.PNG;-6,406991;30,507702;29,458049;29,967696;NaN;NaN;NaN;NaN;8,089262;4,673131;4,771444;4,723597;12,094230;12,095564;12,095932;12,097806
11:01:16,640;C:\Users\au540322\Documents\Projects\Ice-Nucleation\src\LabVIEW\Data\Sensor1Calibration_1/Images/11:01:16,640.PNG;-6,406681;30,651702;29,099830;30,042241;NaN;NaN;NaN;NaN;8,089239;4,659714;4,805197;4,716617;12,094222;12,095567;12,095962;12,097854
11:01:17,390;C:\Users\au540322\Documents\Projects\Ice-Nucleation\src\LabVIEW\Data\Sensor1Calibration_1/Images/11:01:17,390.PNG;-6,406943;30,833127;29,153337;30,222176;NaN;NaN;NaN;NaN;8,089259;4,642836;4,800149;4,699785;12,094219;12,095615;12,095998;12,097849
11:01:18,390;C:\Users\au540322\Documents\Projects\Ice-Nucleation\src\LabVIEW\Data\Sensor1Calibration_1/Images/11:01:18,390.PNG;-6,406753;30,331715;29,385128;30,096270;NaN;NaN;NaN;NaN;8,089244;4,689551;4,778307;4,711560;12,094240;12,095605;12,096003;12,097872
11:01:19,391;C:\Users\au540322\Documents\Projects\Ice-Nucleation\src\LabVIEW\Data\Sensor1Calibration_1/Images/11:01:19,391.PNG;-6,407277;30,290360;29,217147;29,897778;NaN;NaN;NaN;NaN;8,089284;4,693414;4,794132;4,730149;12,094239;12,095628;12,095986;12,097924
11:01:20,391;C:\Users\au540322\Documents\Projects\Ice-Nucleation\src\LabVIEW\Data\Sensor1Calibration_1/Images/11:01:20,391.PNG;-6,406038;30,382453;29,687344;30,153460;NaN;NaN;NaN;NaN;8,089191;4,684814;4,749892;4,706210;12,094253;12,095572;12,095996;12,097895
11:01:21,392;C:\Users\au540322\Documents\Projects\Ice-Nucleation\src\LabVIEW\Data\Sensor1Calibration_1/Images/11:01:21,392.PNG;-6,405704;30,492571;30,309465;29,678223;NaN;NaN;NaN;NaN;8,089166;4,674542;4,691629;4,750749;12,094267;12,095596;12,096030;12,097944
11:01:22,392;C:\Users\au540322\Documents\Projects\Ice-Nucleation\src\LabVIEW\Data\Sensor1Calibration_1/Images/11:01:22,392.PNG;-6,405704;30,533445;30,768664;29,577844;NaN;NaN;NaN;NaN;8,089166;4,670731;4,648830;4,760179;12,094221;12,095598;12,095975;12,097852
11:01:23,392;C:\Users\au540322\Documents\Projects\Ice-Nucleation\src\LabVIEW\Data\Sensor1Calibration_1/Images/11:01:23,392.PNG;-6,405418;31,103456;30,612224;30,164664;NaN;NaN;NaN;NaN;8,089144;4,617740;4,663391;4,705162;12,094217;12,095599;12,095994;12,097868
11:01:24,392;C:\Users\au540322\Documents\Projects\Ice-Nucleation\src\LabVIEW\Data\Sensor1Calibration_1/Images/11:01:24,392.PNG;-6,404656;31,711052;30,956814;30,409948;NaN;NaN;NaN;NaN;8,089087;4,561567;4,631346;4,682249;12,094237;12,095542;12,095916;12,097860
11:01:25,392;C:\Users\au540322\Documents\Projects\Ice-Nucleation\src\LabVIEW\Data\Sensor1Calibration_1/Images/11:01:25,392.PNG;-6,404846;31,669838;31,140703;30,466167;NaN;NaN;NaN;NaN;8,089101;4,565367;4,614287;4,677004;12,094205;12,095515;12,095937;12,097813
11:01:26,393;C:\Users\au540322\Documents\Projects\Ice-Nucleation\src\LabVIEW\Data\Sensor1Calibration_1/Images/11:01:26,393.PNG;-6,404012;31,774699;32,021635;30,489771;NaN;NaN;NaN;NaN;8,089039;4,555702;4,532982;4,674803;12,094212;12,095542;12,095962;12,097813
11:01:27,393;C:\Users\au540322\Documents\Projects\Ice-Nucleation\src\LabVIEW\Data\Sensor1Calibration_1/Images/11:01:27,393.PNG;-6,404060;31,678118;31,876716;30,432697;NaN;NaN;NaN;NaN;8,089042;4,564603;4,546309;4,680126;12,094239;12,095519;12,095964;12,097840
11:01:28,393;C:\Users\au540322\Documents\Projects\Ice-Nucleation\src\LabVIEW\Data\Sensor1Calibration_1/Images/11:01:28,393.PNG;-6,403631;31,455561;31,744675;30,408664;NaN;NaN;NaN;NaN;8,089010;4,585147;4,558468;4,682368;12,094240;12,095551;12,095946;12,097886
11:01:29,393;C:\Users\au540322\Documents\Projects\Ice-Nucleation\src\LabVIEW\Data\Sensor1Calibration_1/Images/11:01:29,393.PNG;-6,402844;31,807645;31,784929;30,314826;NaN;NaN;NaN;NaN;8,088951;4,552667;4,554760;4,691128;12,094185;12,095558;12,095955;12,097868
11:01:30,394;C:\Users\au540322\Documents\Projects\Ice-Nucleation\src\LabVIEW\Data\Sensor1Calibration_1/Images/11:01:30,394.PNG;-6,402487;31,676509;31,558867;30,387070;NaN;NaN;NaN;NaN;8,088924;4,564752;4,575606;4,684384;12,094212;12,095513;12,095937;12,097822
11:01:31,393;C:\Users\au540322\Documents\Projects\Ice-Nucleation\src\LabVIEW\Data\Sensor1Calibration_1/Images/11:01:31,393.PNG;-6,402415;31,617787;31,510725;30,495812;NaN;NaN;NaN;NaN;8,088919;4,570168;4,580051;4,674239;12,094201;12,095580;12,095961;12,097863
11:01:32,394;C:\Users\au540322\Documents\Projects\Ice-Nucleation\src\LabVIEW\Data\Sensor1Calibration_1/Images/11:01:32,394.PNG;-6,402773;31,935296;31,406152;30,903056;NaN;NaN;NaN;NaN;8,088946;4,540919;4,589714;4,636338;12,094258;12,095558;12,095916;12,097820
11:01:33,394;C:\Users\au540322\Documents\Projects\Ice-Nucleation\src\LabVIEW\Data\Sensor1Calibration_1/Images/11:01:33,394.PNG;-6,402320;31,206298;30,998113;30,407285;NaN;NaN;NaN;NaN;8,088912;4,608209;4,627512;4,682497;12,094210;12,095576;12,095946;12,097847
11:01:34,395;C:\Users\au540322\Documents\Projects\Ice-Nucleation\src\LabVIEW\Data\Sensor1Calibration_1/Images/11:01:34,395.PNG;-6,401415;30,589131;30,820181;30,051505;NaN;NaN;NaN;NaN;8,088844;4,665542;4,644040;4,715749;12,094221;12,095547;12,095971;12,097883
11:01:35,395;C:\Users\au540322\Documents\Projects\Ice-Nucleation\src\LabVIEW\Data\Sensor1Calibration_1/Images/11:01:35,395.PNG;-6,401200;30,640448;30,395539;30,152619;NaN;NaN;NaN;NaN;8,088828;4,660762;4,683593;4,706288;12,094201;12,095558;12,095919;12,097809
11:01:36,395;C:\Users\au540322\Documents\Projects\Ice-Nucleation\src\LabVIEW\Data\Sensor1Calibration_1/Images/11:01:36,395.PNG;-6,401248;30,634899;29,973976;30,398968;NaN;NaN;NaN;NaN;8,088831;4,661279;4,723009;4,683273;12,094271;12,095589;12,095959;12,097863
11:01:37,394;C:\Users\au540322\Documents\Projects\Ice-Nucleation\src\LabVIEW\Data\Sensor1Calibration_1/Images/11:01:37,394.PNG;-6,400962;30,636454;29,715263;30,452249;NaN;NaN;NaN;NaN;8,088810;4,661134;4,747271;4,678302;12,094247;12,095571;12,095987;12,097852
11:01:38,395;C:\Users\au540322\Documents\Projects\Ice-Nucleation\src\LabVIEW\Data\Sensor1Calibration_1/Images/11:01:38,395.PNG;-6,400700;30,887639;29,833947;30,704720;NaN;NaN;NaN;NaN;8,088790;4,637770;4,736134;4,654779;12,094240;12,095608;12,095939;12,097845
11:01:39,395;C:\Users\au540322\Documents\Projects\Ice-Nucleation\src\LabVIEW\Data\Sensor1Calibration_1/Images/11:01:39,395.PNG;-6,399747;30,834627;30,259124;30,824990;NaN;NaN;NaN;NaN;8,088719;4,642697;4,696332;4,643593;12,094242;12,095540;12,095950;12,097847
11:01:40,396;C:\Users\au540322\Documents\Projects\Ice-Nucleation\src\LabVIEW\Data\Sensor1Calibration_1/Images/11:01:40,396.PNG;-6,400461;30,862640;29,938304;30,512075;NaN;NaN;NaN;NaN;8,088772;4,640093;4,726351;4,672723;12,094278;12,095585;12,095966;12,097881
11:01:41,396;C:\Users\au540322\Documents\Projects\Ice-Nucleation\src\LabVIEW\Data\Sensor1Calibration_1/Images/11:01:41,396.PNG;-6,399127;30,790429;29,495800;30,275544;NaN;NaN;NaN;NaN;8,088672;4,646806;4,767893;4,694798;12,094240;12,095513;12,095966;12,097809
11:01:42,397;C:\Users\au540322\Documents\Projects\Ice-Nucleation\src\LabVIEW\Data\Sensor1Calibration_1/Images/11:01:42,397.PNG;-6,399222;31,028404;29,882785;30,335660;NaN;NaN;NaN;NaN;8,088679;4,624701;4,731555;4,689183;12,094233;12,095606;12,095944;12,097877
11:01:43,397;C:\Users\au540322\Documents\Projects\Ice-Nucleation\src\LabVIEW\Data\Sensor1Calibration_1/Images/11:01:43,397.PNG;-6,399365;31,014240;29,965845;30,207159;NaN;NaN;NaN;NaN;8,088690;4,626015;4,723771;4,701188;12,094285;12,095619;12,095978;12,097892
11:01:44,396;C:\Users\au540322\Documents\Projects\Ice-Nucleation\src\LabVIEW\Data\Sensor1Calibration_1/Images/11:01:44,396.PNG;-6,399008;30,808564;29,938514;30,102805;NaN;NaN;NaN;NaN;8,088663;4,645120;4,726332;4,710948;12,094233;12,095549;12,095910;12,097817
11:01:45,397;C:\Users\au540322\Documents\Projects\Ice-Nucleation\src\LabVIEW\Data\Sensor1Calibration_1/Images/11:01:45,397.PNG;-6,398436;30,599554;30,120541;30,098792;NaN;NaN;NaN;NaN;8,088620;4,664571;4,709289;4,711324;12,094231;12,095517;12,095928;12,097820
11:01:46,397;C:\Users\au540322\Documents\Projects\Ice-Nucleation\src\LabVIEW\Data\Sensor1Calibration_1/Images/11:01:46,397.PNG;-6,398507;30,674904;30,838109;30,114884;NaN;NaN;NaN;NaN;8,088626;4,657554;4,642373;4,709818;12,094221;12,095556;12,095953;12,097838
11:01:47,396;C:\Users\au540322\Documents\Projects\Ice-Nucleation\src\LabVIEW\Data\Sensor1Calibration_1/Images/11:01:47,396.PNG;-6,397245;31,046097;31,151874;30,183462;NaN;NaN;NaN;NaN;8,088531;4,623059;4,613251;4,703404;12,094231;12,095546;12,095914;12,097817
11:01:48,398;C:\Users\au540322\Documents\Projects\Ice-Nucleation\src\LabVIEW\Data\Sensor1Calibration_1/Images/11:01:48,398.PNG;-6,397697;30,986323;30,853731;30,197137;NaN;NaN;NaN;NaN;8,088565;4,628606;4,640921;4,702125;12,094231;12,095531;12,095957;12,097822
11:01:49,397;C:\Users\au540322\Documents\Projects\Ice-Nucleation\src\LabVIEW\Data\Sensor1Calibration_1/Images/11:01:49,397.PNG;-6,398150;30,747999;30,419166;29,970579;NaN;NaN;NaN;NaN;8,088599;4,650752;4,681388;4,723327;12,094222;12,095608;12,095966;12,097867
11:01:50,397;C:\Users\au540322\Documents\Projects\Ice-Nucleation\src\LabVIEW\Data\Sensor1Calibration_1/Images/11:01:50,397.PNG;-6,397888;31,006321;30,643309;30,091703;NaN;NaN;NaN;NaN;8,088579;4,626750;4,660496;4,711987;12,094235;12,095567;12,095948;12,097818
11:01:51,398;C:\Users\au540322\Documents\Projects\Ice-Nucleation\src\LabVIEW\Data\Sensor1Calibration_1/Images/11:01:51,398.PNG;-6,398031;30,969853;30,626834;30,343665;NaN;NaN;NaN;NaN;8,088590;4,630135;4,662030;4,688435;12,094219;12,095581;12,095953;12,097815
11:01:52,398;C:\Users\au540322\Documents\Projects\Ice-Nucleation\src\LabVIEW\Data\Sensor1Calibration_1/Images/11:01:52,398.PNG;-6,397340;31,211954;30,480068;30,474469;NaN;NaN;NaN;NaN;8,088538;4,607685;4,675707;4,676230;12,094280;12,095542;12,095957;12,097824
11:01:53,398;C:\Users\au540322\Documents\Projects\Ice-Nucleation\src\LabVIEW\Data\Sensor1Calibration_1/Images/11:01:53,398.PNG;-6,397340;31,089089;30,157494;30,360672;NaN;NaN;NaN;NaN;8,088538;4,619072;4,705832;4,686848;12,094217;12,095553;12,095901;12,097838
11:01:54,399;C:\Users\au540322\Documents\Projects\Ice-Nucleation\src\LabVIEW\Data\Sensor1Calibration_1/Images/11:01:54,399.PNG;-6,397388;31,214773;30,388871;30,570131;NaN;NaN;NaN;NaN;8,088542;4,607424;4,684215;4,667312;12,094271;12,095576;12,095953;12,097895
11:01:55,398;C:\Users\au540322\Documents\Projects\Ice-Nucleation\src\LabVIEW\Data\Sensor1Calibration_1/Images/11:01:55,398.PNG;-6,397078;31,813412;30,684681;30,922442;NaN;NaN;NaN;NaN;8,088518;4,552136;4,656644;4,634537;12,094246;12,095605;12,095934;12,097842
11:01:56,399;C:\Users\au540322\Documents\Projects\Ice-Nucleation\src\LabVIEW\Data\Sensor1Calibration_1/Images/11:01:56,399.PNG;-6,397268;31,915875;31,255265;31,155617;NaN;NaN;NaN;NaN;8,088533;4,542706;4,603674;4,612904;12,094256;12,095606;12,095991;12,097890
11:01:57,399;C:\Users\au540322\Documents\Projects\Ice-Nucleation\src\LabVIEW\Data\Sensor1Calibration_1/Images/11:01:57,399.PNG;-6,397602;31,974556;30,982027;31,273401;NaN;NaN;NaN;NaN;8,088558;4,537309;4,629005;4,601995;12,094206;12,095551;12,095950;12,097829
11:01:58,399;C:\Users\au540322\Documents\Projects\Ice-Nucleation\src\LabVIEW\Data\Sensor1Calibration_1/Images/11:01:58,399.PNG;-6,397816;32,023503;30,844746;31,399035;NaN;NaN;NaN;NaN;8,088574;4,532810;4,641756;4,590372;12,094290;12,095617;12,095994;12,097920
11:01:59,399;C:\Users\au540322\Documents\Projects\Ice-Nucleation\src\LabVIEW\Data\Sensor1Calibration_1/Images/11:01:59,399.PNG;-6,398388;31,744229;30,780392;30,947300;NaN;NaN;NaN;NaN;8,088617;4,558509;4,647739;4,632229;12,094319;12,095648;12,096028;12,097942
11:02:00,400;C:\Users\au540322\Documents\Projects\Ice-Nucleation\src\LabVIEW\Data\Sensor1Calibration_1/Images/11:02:00,400.PNG;-6,397864;31,926275;30,982027;31,168237;NaN;NaN;NaN;NaN;8,088577;4,541749;4,629005;4,611735;12,094292;12,095628;12,095977;12,097915
11:02:01,400;C:\Users\au540322\Documents\Projects\Ice-Nucleation\src\LabVIEW\Data\Sensor1Calibration_1/Images/11:02:01,400.PNG;-6,397816;31,963549;31,137713;31,075592;NaN;NaN;NaN;NaN;8,088574;4,538321;4,614564;4,620323;12,094233;12,095590;12,096007;12,097872
11:02:02,400;C:\Users\au540322\Documents\Projects\Ice-Nucleation\src\LabVIEW\Data\Sensor1Calibration_1/Images/11:02:02,400.PNG;-6,397578;31,358680;31,029387;30,827356;NaN;NaN;NaN;NaN;8,088556;4,594104;4,624610;4,643373;12,094265;12,095572;12,095987;12,097888
11:02:03,399;C:\Users\au540322\Documents\Projects\Ice-Nucleation\src\LabVIEW\Data\Sensor1Calibration_1/Images/11:02:03,399.PNG;-6,397674;31,537136;30,978579;30,523872;NaN;NaN;NaN;NaN;8,088563;4,577612;4,629325;4,671623;12,094299;12,095639;12,096021;12,097895
11:02:04,400;C:\Users\au540322\Documents\Projects\Ice-Nucleation\src\LabVIEW\Data\Sensor1Calibration_1/Images/11:02:04,400.PNG;-6,397292;31,831861;31,799645;30,907195;NaN;NaN;NaN;NaN;8,088534;4,550438;4,553404;4,635954;12,094274;12,095585;12,095977;12,097888
11:02:05,400;C:\Users\au540322\Documents\Projects\Ice-Nucleation\src\LabVIEW\Data\Sensor1Calibration_1/Images/11:02:05,400.PNG;-6,397340;32,188982;31,992140;30,814603;NaN;NaN;NaN;NaN;8,088538;4,517616;4,535693;4,644558;12,094237;12,095594;12,095975;12,097852
11:02:06,399;C:\Users\au540322\Documents\Projects\Ice-Nucleation\src\LabVIEW\Data\Sensor1Calibration_1/Images/11:02:06,399.PNG;-6,397388;31,987277;31,654482;30,688370;NaN;NaN;NaN;NaN;8,088542;4,536140;4,566783;4,656301;12,094265;12,095601;12,095957;12,097865
11:02:07,400;C:\Users\au540322\Documents\Projects\Ice-Nucleation\src\LabVIEW\Data\Sensor1Calibration_1/Images/11:02:07,400.PNG;-6,397864;31,457864;31,027248;30,279372;NaN;NaN;NaN;NaN;8,088577;4,584934;4,624808;4,694440;12,094265;12,095596;12,095969;12,097892
11:02:08,401;C:\Users\au540322\Documents\Projects\Ice-Nucleation\src\LabVIEW\Data\Sensor1Calibration_1/Images/11:02:08,401.PNG;-6,397769;31,601160;30,746326;30,517830;NaN;NaN;NaN;NaN;8,088570;4,571702;4,650908;4,672187;12,094219;12,095583;12,095953;12,097838
11:02:09,403;C:\Users\au540322\Documents\Projects\Ice-Nucleation\src\LabVIEW\Data\Sensor1Calibration_1/Images/11:02:09,403.PNG;-6,397816;32,021849;31,229716;30,925773;NaN;NaN;NaN;NaN;8,088574;4,532962;4,606040;4,634228;12,094237;12,095551;12,095950;12,097868
11:02:10,403;C:\Users\au540322\Documents\Projects\Ice-Nucleation\src\LabVIEW\Data\Sensor1Calibration_1/Images/11:02:10,403.PNG;-6,397650;32,292106;31,116899;31,243735;NaN;NaN;NaN;NaN;8,088561;4,508161;4,616493;4,604742;12,094226;12,095576;12,095950;12,097847
11:02:12,233;C:\Users\au540322\Documents\Projects\Ice-Nucleation\src\LabVIEW\Data\Sensor1Calibration_1/Images/11:02:12,233.PNG;-6,397554;31,337359;30,506360;30,217814;NaN;NaN;NaN;NaN;8,088554;4,596076;4,673256;4,700192;12,094239;12,095578;12,095935;12,097860
11:02:13,234;C:\Users\au540322\Documents\Projects\Ice-Nucleation\src\LabVIEW\Data\Sensor1Calibration_1/Images/11:02:13,234.PNG;-6,398341;31,346347;30,596502;30,356095;NaN;NaN;NaN;NaN;8,088613;4,595245;4,664855;4,687275;12,094240;12,095565;12,095968;12,097845
11:02:14,234;C:\Users\au540322\Documents\Projects\Ice-Nucleation\src\LabVIEW\Data\Sensor1Calibration_1/Images/11:02:14,234.PNG;-6,399032;31,474875;30,856271;30,463061;NaN;NaN;NaN;NaN;8,088665;4,583363;4,640685;4,677294;12,094247;12,095581;12,096014;12,097892
11:02:15,235;C:\Users\au540322\Documents\Projects\Ice-Nucleation\src\LabVIEW\Data\Sensor1Calibration_1/Images/11:02:15,235.PNG;-6,398412;31,481184;30,858253;30,495658;NaN;NaN;NaN;NaN;8,088618;4,582780;4,640501;4,674254;12,094240;12,095603;12,095987;12,097834
11:02:16,234;C:\Users\au540322\Documents\Projects\Ice-Nucleation\src\LabVIEW\Data\Sensor1Calibration_1/Images/11:02:16,234.PNG;-6,398722;31,583624;30,977962;30,518002;NaN;NaN;NaN;NaN;8,088642;4,573320;4,629382;4,672171;12,094258;12,095631;12,096032;12,097931
11:02:17,235;C:\Users\au540322\Documents\Projects\Ice-Nucleation\src\LabVIEW\Data\Sensor1Calibration_1/Images/11:02:17,235.PNG;-6,398746;31,600540;31,730006;30,546989;NaN;NaN;NaN;NaN;8,088643;4,571759;4,559820;4,669469;12,094197;12,095601;12,095977;12,097851
11:02:18,234;C:\Users\au540322\Documents\Projects\Ice-Nucleation\src\LabVIEW\Data\Sensor1Calibration_1/Images/11:02:18,234.PNG;-6,398579;32,230195;31,935199;31,297975;NaN;NaN;NaN;NaN;8,088631;4,513836;4,540928;4,599721;12,094230;12,095558;12,095996;12,097854
11:02:19,237;C:\Users\au540322\Documents\Projects\Ice-Nucleation\src\LabVIEW\Data\Sensor1Calibration_1/Images/11:02:19,237.PNG;-6,399222;32,150904;31,969733;31,605869;NaN;NaN;NaN;NaN;8,088679;4,521110;4,537753;4,571268;12,094208;12,095581;12,096011;12,097919
11:02:20,237;C:\Users\au540322\Documents\Projects\Ice-Nucleation\src\LabVIEW\Data\Sensor1Calibration_1/Images/11:02:20,237.PNG;-6,399341;31,924662;31,428049;31,387567;NaN;NaN;NaN;NaN;8,088688;4,541897;4,587690;4,591432;12,094212;12,095601;12,095991;12,097849
11:02:21,238;C:\Users\au540322\Documents\Projects\Ice-Nucleation\src\LabVIEW\Data\Sensor1Calibration_1/Images/11:02:21,238.PNG;-6,399699;32,020973;31,439637;31,303830;NaN;NaN;NaN;NaN;8,088715;4,533043;4,586619;4,599179;12,094244;12,095589;12,095978;12,097838
11:02:22,238;C:\Users\au540322\Documents\Projects\Ice-Nucleation\src\LabVIEW\Data\Sensor1Calibration_1/Images/11:02:22,238.PNG;-6,399937;31,809179;31,383332;31,163219;NaN;NaN;NaN;NaN;8,088733;4,552526;4,591824;4,612200;12,094244;12,095614;12,096028;12,097913
11:02:23,239;C:\Users\au540322\Documents\Projects\Ice-Nucleation\src\LabVIEW\Data\Sensor1Calibration_1/Images/11:02:23,239.PNG;-6,399747;32,478152;31,617768;31,464347;NaN;NaN;NaN;NaN;8,088719;4,491127;4,570170;4,584335;12,094278;12,095658;12,096007;12,097940
11:02:24,239;C:\Users\au540322\Documents\Projects\Ice-Nucleation\src\LabVIEW\Data\Sensor1Calibration_1/Images/11:02:24,239.PNG;-6,400676;32,690453;31,236803;31,275835;NaN;NaN;NaN;NaN;8,088788;4,471729;4,605384;4,601770;12,094317;12,095639;12,096003;12,097906
11:02:25,240;C:\Users\au540322\Documents\Projects\Ice-Nucleation\src\LabVIEW\Data\Sensor1Calibration_1/Images/11:02:25,240.PNG;-6,401033;31,495760;30,461470;30,314769;NaN;NaN;NaN;NaN;8,088815;4,581433;4,677442;4,691134;12,094231;12,095631;12,096041;12,097952
11:02:26,240;C:\Users\au540322\Documents\Projects\Ice-Nucleation\src\LabVIEW\Data\Sensor1Calibration_1/Images/11:02:26,240.PNG;-6,401033;31,283698;30,637645;30,039414;NaN;NaN;NaN;NaN;8,088815;4,601042;4,661023;4,716881;12,094290;12,095685;12,096059;12,097913
11:02:27,240;C:\Users\au540322\Documents\Projects\Ice-Nucleation\src\LabVIEW\Data\Sensor1Calibration_1/Images/11:02:27,240.PNG;-6,401009;31,365950;31,146510;30,291891;NaN;NaN;NaN;NaN;8,088813;4,593432;4,613748;4,693271;12,094298;12,095678;12,096041;12,097952
11:02:28,240;C:\Users\au540322\Documents\Projects\Ice-Nucleation\src\LabVIEW\Data\Sensor1Calibration_1/Images/11:02:28,240.PNG;-6,401272;31,130633;31,128009;30,136025;NaN;NaN;NaN;NaN;8,088833;4,615220;4,615463;4,707840;12,094290;12,095642;12,096055;12,097929
11:02:29,240;C:\Users\au540322\Documents\Projects\Ice-Nucleation\src\LabVIEW\Data\Sensor1Calibration_1/Images/11:02:29,240.PNG;-6,401987;30,854135;31,417622;30,041228;NaN;NaN;NaN;NaN;8,088887;4,640883;4,588654;4,716711;12,094290;12,095626;12,096023;12,097926
11:02:30,240;C:\Users\au540322\Documents\Projects\Ice-Nucleation\src\LabVIEW\Data\Sensor1Calibration_1/Images/11:02:30,240.PNG;-6,402129;31,178658;30,674673;30,527095;NaN;NaN;NaN;NaN;8,088897;4,610769;4,657576;4,671323;12,094290;12,095678;12,096021;12,097940
11:02:31,240;C:\Users\au540322\Documents\Projects\Ice-Nucleation\src\LabVIEW\Data\Sensor1Calibration_1/Images/11:02:31,240.PNG;-6,401510;31,072719;30,560037;30,527843;NaN;NaN;NaN;NaN;8,088851;4,620590;4,668253;4,671253;12,094298;12,095653;12,096075;12,097944
11:02:32,241;C:\Users\au540322\Documents\Projects\Ice-Nucleation\src\LabVIEW\Data\Sensor1Calibration_1/Images/11:02:32,241.PNG;-6,401605;30,713616;31,111923;30,223343;NaN;NaN;NaN;NaN;8,088858;4,653951;4,616955;4,699676;12,094247;12,095594;12,095994;12,097913
11:02:33,241;C:\Users\au540322\Documents\Projects\Ice-Nucleation\src\LabVIEW\Data\Sensor1Calibration_1/Images/11:02:33,241.PNG;-6,401248;31,241128;31,568707;30,752689;NaN;NaN;NaN;NaN;8,088831;4,604983;4,574697;4,650316;12,094203;12,095601;12,095966;12,097874
11:02:34,241;C:\Users\au540322\Documents\Projects\Ice-Nucleation\src\LabVIEW\Data\Sensor1Calibration_1/Images/11:02:34,241.PNG;-6,401891;31,678661;31,512641;30,903172;NaN;NaN;NaN;NaN;8,088879;4,564553;4,579874;4,636327;12,094249;12,095610;12,096025;12,097879
11:02:35,242;C:\Users\au540322\Documents\Projects\Ice-Nucleation\src\LabVIEW\Data\Sensor1Calibration_1/Images/11:02:35,242.PNG;-6,402415;31,426598;31,747703;30,646363;NaN;NaN;NaN;NaN;8,088919;4,587824;4,558189;4,660211;12,094301;12,095651;12,096003;12,097958
11:02:36,242;C:\Users\au540322\Documents\Projects\Ice-Nucleation\src\LabVIEW\Data\Sensor1Calibration_1/Images/11:02:36,242.PNG;-6,402749;31,544902;31,684247;30,437527;NaN;NaN;NaN;NaN;8,088944;4,576895;4,564038;4,679675;12,094299;12,095673;12,096003;12,097960
11:02:37,245;C:\Users\au540322\Documents\Projects\Ice-Nucleation\src\LabVIEW\Data\Sensor1Calibration_1/Images/11:02:37,245.PNG;-6,403059;31,603582;31,196067;30,221411;NaN;NaN;NaN;NaN;8,088967;4,571479;4,609157;4,699856;12,094294;12,095664;12,096037;12,097945
11:02:38,245;C:\Users\au540322\Documents\Projects\Ice-Nucleation\src\LabVIEW\Data\Sensor1Calibration_1/Images/11:02:38,245.PNG;-6,402296;31,786541;31,093872;30,323423;NaN;NaN;NaN;NaN;8,088910;4,554611;4,618628;4,690326;12,094242;12,095631;12,096002;12,097908
11:02:39,245;C:\Users\au540322\Documents\Projects\Ice-Nucleation\src\LabVIEW\Data\Sensor1Calibration_1/Images/11:02:39,245.PNG;-6,402535;31,332218;31,499574;29,927752;NaN;NaN;NaN;NaN;8,088928;4,596552;4,581081;4,727340;12,094253;12,095612;12,095982;12,097947
11:02:40,245;C:\Users\au540322\Documents\Projects\Ice-Nucleation\src\LabVIEW\Data\Sensor1Calibration_1/Images/11:02:40,245.PNG;-6,402821;31,561385;30,832069;30,234210;NaN;NaN;NaN;NaN;8,088949;4,575373;4,642934;4,698660;12,094301;12,095610;12,096005;12,097929
11:02:41,245;C:\Users\au540322\Documents\Projects\Ice-Nucleation\src\LabVIEW\Data\Sensor1Calibration_1/Images/11:02:41,245.PNG;-6,402606;31,604183;31,194349;30,333381;NaN;NaN;NaN;NaN;8,088933;4,571423;4,609316;4,689396;12,094235;12,095658;12,095975;12,097899
11:02:42,246;C:\Users\au540322\Documents\Projects\Ice-Nucleation\src\LabVIEW\Data\Sensor1Calibration_1/Images/11:02:42,246.PNG;-6,402773;32,048880;31,521296;30,341137;NaN;NaN;NaN;NaN;8,088946;4,530478;4,579075;4,688672;12,094201;12,095594;12,095973;12,097863
11:02:43,246;C:\Users\au540322\Documents\Projects\Ice-Nucleation\src\LabVIEW\Data\Sensor1Calibration_1/Images/11:02:43,246.PNG;-6,403226;32,260912;31,958629;30,743616;NaN;NaN;NaN;NaN;8,088980;4,511020;4,538774;4,651160;12,094230;12,095617;12,095962;12,097856
11:02:44,246;C:\Users\au540322\Documents\Projects\Ice-Nucleation\src\LabVIEW\Data\Sensor1Calibration_1/Images/11:02:44,246.PNG;-6,403488;32,770520;31,711673;31,178484;NaN;NaN;NaN;NaN;8,088999;4,464425;4,561510;4,610786;12,094265;12,095637;12,095993;12,097947
11:02:45,247;C:\Users\au540322\Documents\Projects\Ice-Nucleation\src\LabVIEW\Data\Sensor1Calibration_1/Images/11:02:45,247.PNG;-6,403226;32,770324;31,711847;31,350619;NaN;NaN;NaN;NaN;8,088980;4,464442;4,561494;4,594850;12,094235;12,095626;12,095984;12,097901
11:02:46,246;C:\Users\au540322\Documents\Projects\Ice-Nucleation\src\LabVIEW\Data\Sensor1Calibration_1/Images/11:02:46,246.PNG;-6,403893;32,569861;31,439366;31,100409;NaN;NaN;NaN;NaN;8,089030;4,482742;4,586644;4,618022;12,094289;12,095665;12,096027;12,097960
11:02:47,246;C:\Users\au540322\Documents\Projects\Ice-Nucleation\src\LabVIEW\Data\Sensor1Calibration_1/Images/11:02:47,246.PNG;-6,404441;32,308166;30,682395;31,224580;NaN;NaN;NaN;NaN;8,089071;4,506689;4,656857;4,606515;12,094246;12,095635;12,095973;12,097919
11:02:48,247;C:\Users\au540322\Documents\Projects\Ice-Nucleation\src\LabVIEW\Data\Sensor1Calibration_1/Images/11:02:48,247.PNG;-6,403845;31,653357;30,136197;31,014760;NaN;NaN;NaN;NaN;8,089026;4,566887;4,707824;4,625967;12,094292;12,095674;12,096041;12,097947
11:02:49,247;C:\Users\au540322\Documents\Projects\Ice-Nucleation\src\LabVIEW\Data\Sensor1Calibration_1/Images/11:02:49,247.PNG;-6,404751;31,239719;30,219192;30,846613;NaN;NaN;NaN;NaN;8,089094;4,605114;4,700064;4,641583;12,094265;12,095631;12,096012;12,097924
11:02:50,247;C:\Users\au540322\Documents\Projects\Ice-Nucleation\src\LabVIEW\Data\Sensor1Calibration_1/Images/11:02:50,247.PNG;-6,404632;30,460147;30,810814;30,625759;NaN;NaN;NaN;NaN;8,089085;4,677565;4,644910;4,662130;12,094235;12,095639;12,095952;12,097931
11:02:51,248;C:\Users\au540322\Documents\Projects\Ice-Nucleation\src\LabVIEW\Data\Sensor1Calibration_1/Images/11:02:51,248.PNG;-6,405180;31,139526;31,371421;30,680513;NaN;NaN;NaN;NaN;8,089126;4,614396;4,592926;4,657032;12,094240;12,095606;12,095962;12,097876
